Customer No,Customer 
1,Customer - 001
2,Customer - 002
3,Customer - 003
4,Customer - 004
5,Customer - 005
6,Customer - 006
7,Customer - 007
8,Customer - 008
9,Customer - 009
10,Customer - 010
11,Customer - 011
12,Customer - 012
13,Customer - 013
14,Customer - 014
15,Customer - 015
16,Customer - 016
17,Customer - 017
18,Customer - 018
19,Customer - 019
20,Customer - 020
21,Customer - 021
22,Customer - 022
23,Customer - 023
24,Customer - 024
25,Customer - 025
26,Customer - 026
27,Customer - 027
28,Customer - 028
29,Customer - 029
30,Customer - 030